{"cpu_time_ms":170,"gc_time_ms":23,"real_time_ms":169,"recursive-calls":7093,"result":[[["HIGH",0.507944100096],["NORMAL",0.21101824377599995],["ZERO",0.027214453567999987],["LOW",0.25382320255999996]]],"scaling":false,"total-size":0}