{"cpu_time_ms":354,"gc_time_ms":67,"real_time_ms":354,"recursive-calls":77820,"result":[[["absent",0.5757909824924389],["present",0.4242090175075611]]],"scaling":false,"total-size":0}