{"cpu_time_ms":[152,68],"gc_time_ms":[19,1],"real_time_ms":[152,68],"recursive-calls":7093,"result":[[["#<pmf: ['HIGH 0.5079441000960001] ['NORMAL 0.21101824377599998] ['ZERO 0.02721445356799999] ['LOW 0.25382320255999996]>",1.0]]],"scaling":false,"total-size":0}