{"cpu_time_ms":[1346,96],"gc_time_ms":[159,23],"real_time_ms":[1348,96],"recursive-calls":2881940,"result":[[["#<pmf: ['XNIL 0.25206480542433735] ['SIG 0.44059947932115645] ['SVR 0.30733571525450626]>",1.0]]],"scaling":false,"total-size":0}