{"cpu_time_ms":[55,753,1071,3639,8124,19042],"gc_time_ms":[16,540,315,1586,3290,8270],"real_time_ms":[55,753,1071,3638,8123,19038],"recursive-calls":[22605,165829,667543,2193263,5977617,14741033],"result":[[[["0",0.00010001999699978918],["2",9.994001799597872e-9],["3",0.9997000499920012],["1",1.0000998700207787e-8],["#f",0.00019991001599857806]]],[[["0",0.00010001999300328811],["2",9.989006597479558e-5],["3",1.9993996602544837e-8],["4",9.999998800488749e-5],["5",9.990006796919822e-5],["6",0.9985010795191476],["7",0.0001998100819785818],["1",9.996001399628942e-5],["#f",0.000799320275928925]]],[[["0",0.00010001000599559127],["2",9.991004198929005e-5],["3",9.985013192701609e-5],["4",6.993102979261805e-12],["5",0.00010000997301628172],["6",3.998399660455932e-8],["7",1.0002991604646413e-8],["8",3.995902009336295e-8],["9",9.996994605215471e-9],["10",9.988006198349036e-5],["11",9.997996502867691e-5],["12",1.998600070308372e-8],["13",9.99499870191698e-9],["14",2.995802798811701e-8],["15",1.9974015694157095e-8],["1",2.997701898940712e-8],["#f",0.9994001499800015]]],[[["13",9.995999500778555e-5],["0",0.00010001000599619101],["16",3.994204038187712e-8],["1",1.9991013987931512e-8],["17",9.99798941193089e-9],["#f",0.9993002099650035],["2",9.994006695349403e-9],["18",3.993904228272118e-12],["3",1.0011985406525768e-8],["19",9.981018288194549e-5],["4",7.994400470867895e-12],["20",3.9923070359353425e-12],["5",7.992103209350424e-12],["21",9.992999602757006e-5],["6",0.00010000997801208184],["22",1.9975013496186e-8],["7",2.999499170501224e-8],["23",9.982015890781748e-9],["8",9.984013193550777e-5],["24",2.995303528304926e-8],["9",3.9962017593403886e-8],["25",3.992706346497056e-12],["10",1.998999310901107e-8],["26",9.981017090309478e-17],["11",9.988007296409535e-9],["27",1.996502918453145e-8],["12",1.9981003304391824e-8],["28",9.98101709031058e-13],["14",1.9986000703043796e-8],["30",9.988005699088525e-5],["15",1.998000859850513e-8],["31",1.9965028785220886e-8]]],[[["0",0.00010001000599758925],["16",1.9991987117544103e-8],["32",9.978023084602916e-17],["48",9.975029977010448e-9],["1",1.0014990801887627e-8],["17",2.9963023289387674e-8],["33",9.984010297696559e-9],["#f",0.999200279944007],["2",1.1993700670239959e-11],["18",1.998699121660377e-8],["34",9.988005200167407e-5],["50",9.980018689232014e-9],["3",1.0015982406926226e-8],["19",9.998988112490982e-9],["35",1.9967024689208442e-8],["51",9.976027579767323e-13],["4",9.993300351038253e-12],["20",7.985911993366075e-12],["36",9.98101679090113e-9],["5",1.198760562835053e-11],["21",3.9934051075449306e-8],["37",1.9957044071298928e-8],["6",9.975032972734555e-5],["22",1.9967024090297508e-8],["38",9.986007000215376e-9],["7",9.999000799009162e-5],["23",9.988002704432886e-9],["39",1.9959039875514022e-12],["55",9.976027579768426e-9],["8",2.998700409559689e-8],["24",9.99100379843991e-5],["40",9.975030076780697e-9],["9",1.0012975815971672e-8],["25",4.991207645638717e-8],["41",9.976027579767323e-13],["57",9.979020687364189e-5],["10",3.996900670089108e-8],["26",5.9885107035139035e-12],["42",9.981016790911105e-9],["58",9.975029977010448e-9],["11",1.000498351185346e-8],["27",2.995602908918536e-8],["43",9.977025282295556e-13],["12",9.993000100778292e-9],["28",9.983014291771588e-9],["13",2.9964017097282196e-8],["29",5.98711328126947e-16],["45",9.983013393521051e-5],["14",1.49757176527077e-11],["30",3.992007775102362e-8],["46",2.9934069253825315e-8],["15",9.995999899869479e-5],["31",3.991508654370305e-12],["47",9.976027579767325e-13],["63",9.97502997701045e-9]]],[[["0",0.00010001000699688948],["16",8.984711594972333e-12],["32",1.994906394758698e-8],["48",9.972037866998593e-9],["64",1.9949062351282872e-8],["1",1.0017988302767462e-8],["17",9.995001798060597e-5],["49",9.97303507076425e-13],["65",9.974032274542075e-9],["33",2.995103239315779e-8],["#f",0.9991003599160128],["2",1.3992201030252277e-11],["18",3.99590132029574e-8],["34",8.979422664035097e-12],["50",9.984011195809559e-5],["66",9.971040563481548e-9],["3",1.0020976909685375e-8],["19",1.0005977720976081e-8],["35",5.985317326892501e-16],["51",1.9960036480521774e-8],["4",1.1992000201517308e-11],["20",1.9985993214285914e-8],["36",1.9959040573977857e-8],["52",2.9925089931038033e-12],["84",9.971040563481548e-9],["5",1.5982409116571986e-11],["21",1.9986986626233998e-8],["37",1.995105825505094e-8],["53",1.994906245101323e-8],["69",9.976027280517527e-9],["6",1.0009981010405072e-8],["22",7.987009396392753e-12],["38",9.988004900896555e-5],["54",9.976026881566204e-9],["70",9.972037767257175e-13],["7",1.398470623906548e-11],["23",4.99160658684089e-8],["39",2.9948040382646734e-8],["55",9.980018788982318e-9],["8",9.998999800448197e-5],["24",2.1951950695583664e-11],["40",5.9864148794944084e-12],["56",9.973035669227246e-9],["9",3.000497561582863e-8],["25",9.988004599838233e-9],["41",1.9959039476305492e-8],["57",9.973035070763152e-17],["10",1.999599210355723e-8],["26",1.197133316524946e-11],["42",2.9936067353197574e-8],["58",9.972037767257175e-13],["11",2.998299760420283e-8],["27",9.99399770420656e-5],["43",1.996402709131149e-12],["75",9.972037767258274e-9],["12",1.0006981611145857e-8],["28",2.995702659289173e-8],["44",1.9950059854340435e-8],["60",9.977024983015828e-9],["92",9.970043459426297e-5],["13",9.993998202178006e-9],["29",2.993307354760031e-8],["45",3.989513309128105e-12],["61",9.97303507076425e-13],["77",9.975029677790573e-5],["14",2.9970007005118476e-8],["30",2.9960018303463097e-8],["46",9.981017090132085e-9],["78",9.971040563481548e-9],["15",1.9983997906783523e-8],["31",1.0977621956166671e-11],["47",1.9953052762302607e-12],["63",9.979020787104518e-5]]]],"scaling":["(main* 2)","(main* 3)","(main* 4)","(main* 5)","(main* 6)","(main* 7)"],"total-size":[154,933,3654,12190,37749,111640]}