{"cpu_time_ms":51,"gc_time_ms":15,"real_time_ms":50,"recursive-calls":23131,"result":[[["#t",0.41872169099144446],["#f",0.5812783090085556]]],"scaling":false,"total-size":130}