{"cpu_time_ms":702,"gc_time_ms":52,"real_time_ms":702,"recursive-calls":2116220,"result":[[["Thousand",0.5629455908828637],["Million",0.016796520074087197],["HundredThou",0.10507029426770452],["TenThou",0.3151875947753446]]],"scaling":false,"total-size":0}