{"cpu_time_ms":92,"gc_time_ms":2,"real_time_ms":92,"recursive-calls":3619,"result":[[["#t",0.9642726989779602],["#f",0.03572730102203985]]],"scaling":false,"total-size":190}