{"cpu_time_ms":92,"gc_time_ms":1,"real_time_ms":92,"recursive-calls":2114,"result":[[["#t",0.8385673777557122],["#f",0.1614326222442879]]],"scaling":false,"total-size":114}