{"cpu_time_ms":97,"gc_time_ms":2,"real_time_ms":97,"recursive-calls":44905,"result":[[["#t",0.9469809723250333],["#f",0.05301902767496669]]],"scaling":false,"total-size":4093}