{"cpu_time_ms":91,"gc_time_ms":1,"real_time_ms":91,"recursive-calls":657,"result":[[["#t",0.07499795331773931],["#f",0.9250020466822607]]],"scaling":false,"total-size":12}