{"cpu_time_ms":93,"gc_time_ms":2,"real_time_ms":93,"recursive-calls":1894,"result":[[["#t",0.9116296663314645],["#f",0.08837033366853551]]],"scaling":false,"total-size":84}