{"cpu_time_ms":92,"gc_time_ms":1,"real_time_ms":92,"recursive-calls":1903,"result":[[["#t",0.9910438863319108],["#f",0.00895611366808929]]],"scaling":false,"total-size":213}