{"cpu_time_ms":[0,106],"gc_time_ms":[0,1],"real_time_ms":[0,106],"recursive-calls":2114,"result":[[["#t",0.8385673777557122],["#f",0.1614326222442879]]],"scaling":false,"total-size":114}