{"cpu_time_ms":[0,111],"gc_time_ms":[0,1],"real_time_ms":[0,111],"recursive-calls":15268,"result":[[["#t",0.04995194385285544],["#f",0.9500480561471446]]],"scaling":false,"total-size":1152}