{"cpu_time_ms":352,"gc_time_ms":49,"real_time_ms":352,"recursive-calls":77820,"result":[[["absent",0.5757909824924389],["present",0.4242090175075611]]],"scaling":false,"total-size":0}