{"cpu_time_ms":7211,"gc_time_ms":1334,"real_time_ms":7210,"recursive-calls":200637,"result":[[["M_S52",0.35411396721864774],["M_S36",0.0093888183752427],["M_S48",0.29201933849687794],["M_S16",0.0015667764945292391],["M_S32",0.004044895487229647],["M_S44",0.09472751600805854],["M_S60",0.0363768224082125],["M_S40",0.03408823150193313],["M_S08",0.0008255742435641986],["M_S28",0.0020968149538517994],["M_S04",0.00012375575525488809],["M_S24",0.0018831614958988974],["M_S00",0.008716364148487492],["M_S56",0.1543822450532528],["M_S20",0.001374680967609692],["M_S12",0.0015344946585297743],["M_S_64",0.002736542732818842]]],"scaling":false,"total-size":0}