{"cpu_time_ms":110,"gc_time_ms":2,"real_time_ms":110,"recursive-calls":867,"result":[[["train",0.280857252],["other",0.15730877199999999],["car",0.561833976]]],"scaling":false,"total-size":0}