{"cpu_time_ms":310,"gc_time_ms":37,"real_time_ms":310,"recursive-calls":7225,"result":[[["HIGH",0.5079441000960001],["NORMAL",0.21101824377599998],["ZERO",0.02721445356799999],["LOW",0.25382320255999996]]],"scaling":false,"total-size":0}