{"cpu_time_ms":224,"gc_time_ms":7,"real_time_ms":224,"recursive-calls":975,"result":[[["train",0.280857252],["other",0.15730877200000004],["car",0.5618339760000001]]],"scaling":false,"total-size":0}