{"cpu_time_ms":7908,"gc_time_ms":1690,"real_time_ms":7907,"recursive-calls":200637,"result":[[["M_S52",0.3541139672186478],["M_S36",0.009388818375242703],["M_S48",0.29201933849687806],["M_S16",0.0015667764945292394],["M_S32",0.004044895487229648],["M_S44",0.09472751600805857],["M_S60",0.03637682240821251],["M_S40",0.03408823150193314],["M_S08",0.0008255742435641988],["M_S28",0.0020968149538518],["M_S04",0.0001237557552548881],["M_S24",0.0018831614958988978],["M_S00",0.008716364148487494],["M_S56",0.15438224505325285],["M_S20",0.0013746809676096921],["M_S12",0.0015344946585297747],["M_S_64",0.0027365427328188427]]],"scaling":false,"total-size":0}