{"cpu_time_ms":458,"gc_time_ms":46,"real_time_ms":458,"recursive-calls":230602,"result":[[["15_MG_L",0.028330448918304465],["30_MG_L",0.007754421050661929],["25_MG_L",0.1425162664070319],["20_MG_L",0.8213988636240018]]],"scaling":false,"total-size":0}