{"cpu_time_ms":10,"gc_time_ms":1,"real_time_ms":10,"recursive-calls":5467,"result":[[["#t",0.4187216909914444],["#f",0.5812783090085556]]],"scaling":false,"total-size":0}