{"cpu_time_ms":1695,"gc_time_ms":190,"real_time_ms":1694,"recursive-calls":2881940,"result":[[["XNIL",0.25206480542433735],["SIG",0.44059947932115645],["SVR",0.30733571525450626]]],"scaling":false,"total-size":0}