{"cpu_time_ms":166,"gc_time_ms":50,"real_time_ms":166,"recursive-calls":55354,"result":[[["HIGH",0.5079441000960001],["NORMAL",0.211018243776],["ZERO",0.027214453567999997],["LOW",0.2538232025599999]]],"scaling":false,"total-size":1}