{"cpu_time_ms":43183,"gc_time_ms":19845,"real_time_ms":43176,"recursive-calls":17135497,"result":[[["XNIL",0.25206480542433723],["SIG",0.44059947932115656],["SVR",0.3073357152545062]]],"scaling":false,"total-size":1}