{"cpu_time_ms":1725,"gc_time_ms":795,"real_time_ms":1725,"recursive-calls":599937,"result":[[["absent",0.575790982492439],["present",0.42420901750756107]]],"scaling":false,"total-size":1}