{"cpu_time_ms":[2,19,25,89,531,179,262,348],"gc_time_ms":[0,11,1,40,444,42,70,93],"real_time_ms":[2,19,25,89,531,179,262,348],"recursive-calls":[766,5738,22916,66308,161098,366624,851614,2123308],"result":[[[["#f",0.005000000000000005],["(#t #t #t #f)",0.00125],["(#t #t #t #t)",0.9900000000000001],["(#t #t #f #t)",0.00125],["(#t #f #t #t)",0.00125],["(#f #t #t #t)",0.0012500000000000002]]],[[["#f",0.00997500000000001],["(#t #t #t #f)",0.0024749999999999998],["(#t #f #f #t)",3.1250000000000006e-6],["(#t #t #t #t)",0.9801062500000001],["(#t #f #t #f)",3.1250000000000006e-6],["(#t #t #f #f)",3.1250000000000006e-6],["(#f #t #t #f)",3.1250000000000006e-6],["(#f #t #t #t)",0.002475],["(#t #t #f #t)",0.0024749999999999998],["(#f #t #f #t)",3.1250000000000006e-6],["(#t #f #t #t)",0.0024749999999999998],["(#f #f #t #t)",3.1250000000000006e-6]]],[[["#f",0.014925125000000018],["(#t #t #t #f)",0.00367539453125],["(#t #f #f #t)",9.28125e-6],["(#t #t #t #t)",0.9703175625000002],["(#f #t #t #f)",9.281250000000002e-6],["(#f #t #t #t)",0.003675394531250001],["(#t #f #f #f)",1.1718750000000005e-8],["(#f #f #f #t)",1.1718750000000005e-8],["(#f #f #t #f)",1.1718750000000005e-8],["(#t #f #t #f)",9.28125e-6],["(#t #t #f #t)",0.00367539453125],["(#f #t #f #t)",9.281250000000002e-6],["(#t #t #f #f)",9.28125e-6],["(#f #t #f #f)",1.1718750000000005e-8],["(#t #f #t #t)",0.00367539453125],["(#f #f #t #t)",9.281250000000002e-6]]],[[["#f",0.01985049937500002],["(#t #t #t #f)",0.004851572343749998],["(#t #f #f #t)",1.8376953124999998e-5],["(#t #t #t #t)",0.9606327638476563],["(#f #f #f #f)",5.859375000000002e-11],["(#f #t #t #f)",1.8376953125e-5],["(#f #t #t #t)",0.004851572343749999],["(#t #f #f #f)",4.640625e-8],["(#f #f #f #t)",4.640624999999999e-8],["(#f #f #t #f)",4.640624999999999e-8],["(#t #f #t #f)",1.8376953124999998e-5],["(#t #t #f #t)",0.004851572343749998],["(#f #t #f #t)",1.8376953125e-5],["(#t #t #f #f)",1.8376953124999998e-5],["(#f #t #f #f)",4.640624999999999e-8],["(#t #f #t #t)",0.004851572343749998],["(#f #f #t #t)",1.8376953125e-5]]],[[["#f",0.024751246878125036],["(#t #t #t #f)",0.00600391648869629],["(#t #f #f #t)",3.032223046875e-5],["(#t #t #t #t)",0.9510506940708986],["(#f #f #f #f)",2.9003906250000013e-10],["(#f #t #t #f)",3.032223046875001e-5],["(#f #t #t #t)",0.0060039164886962915],["(#t #f #f #f)",1.1485583496093753e-7],["(#f #f #f #t)",1.1485583496093752e-7],["(#f #f #t #f)",1.1485583496093752e-7],["(#t #f #t #f)",3.032223046875e-5],["(#t #t #f #t)",0.00600391648869629],["(#f #t #f #t)",3.032223046875001e-5],["(#t #t #f #f)",3.0322230468750003e-5],["(#f #t #f #f)",1.1485583496093752e-7],["(#t #f #t #t)",0.00600391648869629],["(#f #f #t #t)",3.032223046875001e-5]]],[[["#f",0.02962749064373441],["(#t #t #t #f)",0.0071328043997622055],["(#t #f #f #t)",4.502908652539062e-5],["(#t #t #t #t)",0.9415702067126329],["(#f #f #f #f)",8.614178466796875e-10],["(#f #t #t #f)",4.502908652539063e-5],["(#f #t #t #t)",0.007132804399762208],["(#t #f #f #f)",2.274160034179687e-7],["(#f #f #f #t)",2.274160034179687e-7],["(#f #f #t #f)",2.274160034179687e-7],["(#t #f #t #f)",4.502908652539062e-5],["(#t #t #f #t)",0.0071328043997622055],["(#f #t #f #t)",4.502908652539063e-5],["(#t #t #f #f)",4.502908652539062e-5],["(#f #t #f #f)",2.274160034179687e-7],["(#t #f #t #t)",0.007132804399762205],["(#f #f #t #t)",4.5029086525390624e-5]]],[[["#f",0.03447935319051575],["(#t #t #t #f)",0.008238607973229846],["(#t #f #f #t)",6.241137519955079e-5],["(#t #t #t #t)",0.9321901686675055],["(#f #f #f #f)",1.989883685302735e-9],["(#f #t #t #f)",6.24113751995508e-5],["(#f #t #t #t)",0.00823860797322985],["(#t #f #f #f)",3.940019946263122e-7],["(#f #f #f #t)",3.9400199462631224e-7],["(#f #f #t #f)",3.9400199462631224e-7],["(#t #f #t #f)",6.241137519955079e-5],["(#t #t #f #t)",0.008238607973229846],["(#f #t #f #t)",6.24113751995508e-5],["(#t #t #f #f)",6.241137519955079e-5],["(#f #t #f #f)",3.9400199462631224e-7],["(#t #f #t #t)",0.008238607973229844],["(#f #f #t #t)",6.24113751995508e-5]]],[[["#f",0.03930695642456318],["(#t #t #t #f)",0.009321693646988925],["(#t #f #f #t)",8.238476638561646e-5],["(#t #t #t #t)",0.9229094600206966],["(#f #f #f #f)",3.939994821581268e-9],["(#f #t #t #f)",8.238476638561647e-5],["(#f #t #t #t)",0.009321693646988928],["(#t #f #f #f)",6.24107119032971e-7],["(#f #f #f #t)",6.241071190329713e-7],["(#f #f #t #f)",6.241071190329713e-7],["(#t #f #t #f)",8.238476638561646e-5],["(#t #t #f #t)",0.009321693646988925],["(#f #t #f #t)",8.238476638561647e-5],["(#t #t #f #f)",8.238476638561646e-5],["(#f #t #f #f)",6.241071190329713e-7],["(#t #f #t #t)",0.009321693646988921],["(#f #f #t #t)",8.238476638561647e-5]]]],"scaling":["(main 1)","(main 2)","(main 3)","(main 4)","(main 5)","(main 6)","(main 7)","(main 8)"],"total-size":[54,207,800,2913,10067,33659,110402,358167]}