{"cpu_time_ms":[7,5,7,13,13,15,22,21],"gc_time_ms":[2,0,0,0,1,0,1,1],"real_time_ms":[7,5,7,13,13,15,22,21],"recursive-calls":[2825,5986,15713,33084,76577,101912,112499,124186],"result":[[[["#f",0.005000000000000004],["(#t #t #t #f)",0.0012499999999999996],["(#t #t #t #t)",0.9899999999999999],["(#t #t #f #t)",0.0012499999999999996],["(#t #f #t #t)",0.0012499999999999996],["(#f #t #t #t)",0.0012499999999999998]]],[[["#f",0.009975000000000006],["(#t #t #t #f)",0.0024749999999999993],["(#t #f #f #t)",3.1250000000000006e-6],["(#t #t #t #t)",0.98010625],["(#t #f #t #f)",3.1250000000000006e-6],["(#t #t #f #f)",3.1250000000000006e-6],["(#f #t #t #f)",3.1250000000000006e-6],["(#f #t #t #t)",0.002475],["(#t #t #f #t)",0.0024749999999999993],["(#f #t #f #t)",3.1250000000000006e-6],["(#t #f #t #t)",0.0024749999999999993],["(#f #f #t #t)",3.1250000000000006e-6]]],[[["#f",0.01492512500000002],["(#t #t #t #f)",0.0036753945312500017],["(#t #f #f #t)",9.281250000000002e-6],["(#t #t #t #t)",0.9703175625000002],["(#f #t #t #f)",9.281250000000007e-6],["(#f #t #t #t)",0.0036753945312500017],["(#t #f #f #f)",1.171875000000001e-8],["(#f #f #f #t)",1.171875000000001e-8],["(#f #f #t #f)",1.171875000000001e-8],["(#t #f #t #f)",9.281250000000002e-6],["(#t #t #f #t)",0.0036753945312500017],["(#f #t #f #t)",9.281250000000007e-6],["(#t #t #f #f)",9.281250000000002e-6],["(#f #t #f #f)",1.171875000000001e-8],["(#t #f #t #t)",0.0036753945312500017],["(#f #f #t #t)",9.281250000000007e-6]]],[[["#f",0.019850499375000035],["(#t #t #t #f)",0.004851572343750002],["(#t #f #f #t)",1.8376953125000008e-5],["(#t #t #t #t)",0.9606327638476564],["(#f #f #f #f)",5.859375000000006e-11],["(#f #t #t #f)",1.837695312500001e-5],["(#f #t #t #t)",0.004851572343750002],["(#t #f #f #f)",4.6406250000000026e-8],["(#f #f #f #t)",4.640625000000001e-8],["(#f #f #t #f)",4.640625000000001e-8],["(#t #f #t #f)",1.8376953125000008e-5],["(#t #t #f #t)",0.004851572343750002],["(#f #t #f #t)",1.837695312500001e-5],["(#t #t #f #f)",1.8376953125000008e-5],["(#f #t #f #f)",4.640625000000001e-8],["(#t #f #t #t)",0.004851572343750002],["(#f #f #t #t)",1.837695312500001e-5]]],[[["#f",0.024751246878125032],["(#t #t #t #f)",0.00600391648869629],["(#t #f #f #t)",3.0322230468749996e-5],["(#t #t #t #t)",0.9510506940708983],["(#f #f #f #f)",2.900390625e-10],["(#f #t #t #f)",3.032223046875e-5],["(#f #t #t #t)",0.0060039164886962915],["(#t #f #f #f)",1.1485583496093749e-7],["(#f #f #f #t)",1.1485583496093749e-7],["(#f #f #t #f)",1.1485583496093749e-7],["(#t #f #t #f)",3.0322230468749996e-5],["(#t #t #f #t)",0.00600391648869629],["(#f #t #f #t)",3.032223046875e-5],["(#t #t #f #f)",3.0322230468749996e-5],["(#f #t #f #f)",1.1485583496093749e-7],["(#t #f #t #t)",0.00600391648869629],["(#f #f #t #t)",3.032223046875e-5]]],[[["#f",0.029627490643734423],["(#t #t #t #f)",0.007132804399762208],["(#t #f #f #t)",4.502908652539064e-5],["(#t #t #t #t)",0.9415702067126331],["(#f #f #f #f)",8.614178466796877e-10],["(#f #t #t #f)",4.502908652539066e-5],["(#f #t #t #t)",0.007132804399762209],["(#t #f #f #f)",2.2741600341796874e-7],["(#f #f #f #t)",2.2741600341796874e-7],["(#f #f #t #f)",2.2741600341796874e-7],["(#t #f #t #f)",4.502908652539064e-5],["(#t #t #f #t)",0.007132804399762208],["(#f #t #f #t)",4.502908652539066e-5],["(#t #t #f #f)",4.502908652539064e-5],["(#f #t #f #f)",2.2741600341796874e-7],["(#t #f #t #t)",0.007132804399762206],["(#f #f #t #t)",4.502908652539064e-5]]],[[["#f",0.03447935319051575],["(#t #t #t #f)",0.008238607973229846],["(#t #f #f #t)",6.241137519955081e-5],["(#t #t #t #t)",0.9321901686675055],["(#f #f #f #f)",1.9898836853027356e-9],["(#f #t #t #f)",6.241137519955081e-5],["(#f #t #t #t)",0.008238607973229851],["(#t #f #f #f)",3.9400199462631224e-7],["(#f #f #f #t)",3.9400199462631224e-7],["(#f #f #t #f)",3.9400199462631224e-7],["(#t #f #t #f)",6.241137519955081e-5],["(#t #t #f #t)",0.008238607973229846],["(#f #t #f #t)",6.241137519955081e-5],["(#t #t #f #f)",6.241137519955081e-5],["(#f #t #f #f)",3.9400199462631224e-7],["(#t #f #t #t)",0.008238607973229846],["(#f #f #t #t)",6.241137519955081e-5]]],[[["#f",0.03930695642456317],["(#t #t #t #f)",0.009321693646988923],["(#t #f #f #t)",8.238476638561644e-5],["(#t #t #t #t)",0.9229094600206965],["(#f #f #f #f)",3.939994821581267e-9],["(#f #t #t #f)",8.238476638561647e-5],["(#f #t #t #t)",0.009321693646988928],["(#t #f #f #f)",6.241071190329712e-7],["(#f #f #f #t)",6.241071190329712e-7],["(#f #f #t #f)",6.241071190329712e-7],["(#t #f #t #f)",8.238476638561644e-5],["(#t #t #f #t)",0.009321693646988923],["(#f #t #f #t)",8.238476638561647e-5],["(#t #t #f #f)",8.238476638561644e-5],["(#f #t #f #f)",6.241071190329712e-7],["(#t #f #t #t)",0.00932169364698892],["(#f #f #t #t)",8.238476638561647e-5]]]],"scaling":["(scaling-network 1)","(scaling-network 2)","(scaling-network 3)","(scaling-network 4)","(scaling-network 5)","(scaling-network 6)","(scaling-network 7)","(scaling-network 8)"],"total-size":[0,0,0,0,0,0,0,0]}