{"cpu_time_ms":[0,89],"gc_time_ms":[0,2],"real_time_ms":[0,89],"recursive-calls":3619,"result":[[["#t",0.9642726989779602],["#f",0.03572730102203985]]],"scaling":false,"total-size":190}