{"cpu_time_ms":[0,93],"gc_time_ms":[0,1],"real_time_ms":[0,93],"recursive-calls":1903,"result":[[["#t",0.9910438863319108],["#f",0.00895611366808929]]],"scaling":false,"total-size":213}