{"cpu_time_ms":[0,90],"gc_time_ms":[0,2],"real_time_ms":[0,90],"recursive-calls":13084,"result":[[["#t",0.049951943852855396],["#f",0.9500480561471446]]],"scaling":false,"total-size":1152}