{"cpu_time_ms":40,"gc_time_ms":13,"real_time_ms":40,"recursive-calls":18006,"result":[[["#t",0.41872169099144446],["#f",0.5812783090085556]]],"total-size":116}