{"cpu_time_ms":[8,16,25,48,60,81,115,148],"gc_time_ms":[0,1,2,5,6,10,14,18],"real_time_ms":[8,16,25,48,60,81,115,148],"recursive-calls":[5383,12998,24113,38728,56843,78458,103573,132188],"result":[[[["#t",0.41872169099144435],["#f",0.5812783090085557]]],[[["#t",0.41872169099144435],["#f",0.5812783090085557]]],[[["#t",0.41872169099144435],["#f",0.5812783090085557]]],[[["#t",0.41872169099144435],["#f",0.5812783090085557]]],[[["#t",0.41872169099144435],["#f",0.5812783090085557]]],[[["#t",0.41872169099144435],["#f",0.5812783090085557]]],[[["#t",0.41872169099144435],["#f",0.5812783090085557]]],[[["#t",0.41872169099144435],["#f",0.5812783090085557]]]],"scaling":["(make-grid 10)","(make-grid 15)","(make-grid 20)","(make-grid 25)","(make-grid 30)","(make-grid 35)","(make-grid 40)","(make-grid 45)"],"total-size":[119,189,259,329,399,469,539,609]}