{"cpu_time_ms":[[6,4],[15,5],[25,6],[49,9],[65,12],[80,18],[125,23],[152,36]],"gc_time_ms":[[0,0],[1,0],[2,0],[5,0],[7,0],[9,2],[16,2],[20,0]],"real_time_ms":[[6,4],[15,5],[25,6],[49,9],[65,12],[80,18],[125,23],[152,36]],"recursive-calls":[5383,12998,24113,38728,56843,78458,103573,132188],"result":[[[["#t",0.41872169099144435],["#f",0.5812783090085557]]],[[["#t",0.41872169099144435],["#f",0.5812783090085557]]],[[["#t",0.41872169099144435],["#f",0.5812783090085557]]],[[["#t",0.41872169099144435],["#f",0.5812783090085557]]],[[["#t",0.41872169099144435],["#f",0.5812783090085557]]],[[["#t",0.41872169099144435],["#f",0.5812783090085557]]],[[["#t",0.41872169099144435],["#f",0.5812783090085557]]],[[["#t",0.41872169099144435],["#f",0.5812783090085557]]]],"scaling":["(make-grid 10)","(make-grid 15)","(make-grid 20)","(make-grid 25)","(make-grid 30)","(make-grid 35)","(make-grid 40)","(make-grid 45)"],"total-size":[119,189,259,329,399,469,539,609]}