{"cpu_time_ms":[0,123],"gc_time_ms":[0,1],"real_time_ms":[0,123],"recursive-calls":473,"result":[[["#t",0.9899020000000001],["#f",0.01009800000000001]]],"scaling":false,"total-size":3}