{"cpu_time_ms":[0,115],"gc_time_ms":[0,1],"real_time_ms":[0,115],"recursive-calls":1894,"result":[[["#t",0.9116296663314645],["#f",0.08837033366853551]]],"scaling":false,"total-size":84}