{"cpu_time_ms":[0,115],"gc_time_ms":[0,1],"real_time_ms":[0,115],"recursive-calls":657,"result":[[["#t",0.07499795331773931],["#f",0.9250020466822607]]],"scaling":false,"total-size":12}