{"cpu_time_ms":45666,"gc_time_ms":20872,"real_time_ms":45656,"recursive-calls":17135497,"result":[[["XNIL",0.25206480542433723],["SIG",0.44059947932115656],["SVR",0.3073357152545062]]],"scaling":false,"total-size":1}