{"cpu_time_ms":22761,"gc_time_ms":9768,"real_time_ms":22757,"recursive-calls":8975660,"result":[[["Thousand",0.5629455908828638],["Million",0.016796520074087197],["HundredThou",0.10507029426770448],["TenThou",0.3151875947753446]]],"scaling":false,"total-size":1}