{"cpu_time_ms":7903,"gc_time_ms":2528,"real_time_ms":7902,"recursive-calls":736129,"result":[[["M_S52",0.35411396721864785],["M_S36",0.009388818375242702],["M_S48",0.29201933849687806],["M_S16",0.0015667764945292396],["M_S32",0.004044895487229647],["M_S44",0.09472751600805855],["M_S60",0.03637682240821251],["M_S40",0.03408823150193313],["M_S08",0.000825574243564199],["M_S28",0.0020968149538518],["M_S04",0.00012375575525488814],["M_S24",0.001883161495898898],["M_S00",0.008716364148487496],["M_S56",0.15438224505325282],["M_S20",0.001374680967609692],["M_S12",0.0015344946585297747],["M_S_64",0.002736542732818842]]],"scaling":false,"total-size":1}