{"cpu_time_ms":1400,"gc_time_ms":562,"real_time_ms":1400,"recursive-calls":2881430,"result":[[["XNIL",0.25206480542433723],["SIG",0.44059947932115656],["SVR",0.3073357152545062]]],"scaling":false,"total-size":0}