{"cpu_time_ms":245,"gc_time_ms":62,"real_time_ms":244,"recursive-calls":77365,"result":[[["absent",0.575790982492439],["present",0.42420901750756107]]],"scaling":false,"total-size":0}