{"cpu_time_ms":288,"gc_time_ms":49,"real_time_ms":288,"recursive-calls":230037,"result":[[["15_MG_L",0.028330448918304465],["30_MG_L",0.007754421050661929],["25_MG_L",0.14251626640703186],["20_MG_L",0.8213988636240017]]],"scaling":false,"total-size":0}