{"cpu_time_ms":[[6,4],[16,4],[25,6],[51,10],[63,13],[82,19],[132,23],[137,32]],"gc_time_ms":[[0,1],[1,0],[2,0],[6,0],[8,0],[10,3],[20,2],[23,3]],"real_time_ms":[[6,4],[16,4],[25,6],[51,10],[63,13],[82,19],[132,23],[137,32]],"recursive-calls":[5383,12998,24113,38728,56843,78458,103573,132188],"result":[[[["#t",0.41872169099144435],["#f",0.5812783090085557]]],[[["#t",0.41872169099144435],["#f",0.5812783090085557]]],[[["#t",0.41872169099144435],["#f",0.5812783090085557]]],[[["#t",0.41872169099144435],["#f",0.5812783090085557]]],[[["#t",0.41872169099144435],["#f",0.5812783090085557]]],[[["#t",0.41872169099144435],["#f",0.5812783090085557]]],[[["#t",0.41872169099144435],["#f",0.5812783090085557]]],[[["#t",0.41872169099144435],["#f",0.5812783090085557]]]],"scaling":["(make-grid 10)","(make-grid 15)","(make-grid 20)","(make-grid 25)","(make-grid 30)","(make-grid 35)","(make-grid 40)","(make-grid 45)"],"total-size":[119,189,259,329,399,469,539,609]}