{"cpu_time_ms":[[1,11],[5,16],[13,24],[23,42],[26,64],[32,82],[39,115],[57,139]],"gc_time_ms":[[0,0],[0,1],[1,0],[1,3],[2,1],[3,3],[4,2],[8,0]],"real_time_ms":[[1,11],[5,16],[13,24],[23,42],[26,64],[32,82],[39,115],[57,139]],"recursive-calls":[2825,76577,150860,236795,350230,491165,659600,855535],"result":[[[["#f",0.005000000000000004],["(#t #t #t #f)",0.0012499999999999996],["(#t #t #t #t)",0.9899999999999999],["(#t #t #f #t)",0.0012499999999999996],["(#t #f #t #t)",0.0012499999999999996],["(#f #t #t #t)",0.0012499999999999998]]],[[["#f",0.024751246878125032],["(#t #t #t #f)",0.00600391648869629],["(#t #f #f #t)",3.0322230468749996e-5],["(#t #t #t #t)",0.9510506940708983],["(#f #f #f #f)",2.900390625e-10],["(#f #t #t #f)",3.032223046875e-5],["(#f #t #t #t)",0.0060039164886962915],["(#t #f #f #f)",1.1485583496093749e-7],["(#f #f #f #t)",1.1485583496093749e-7],["(#f #f #t #f)",1.1485583496093749e-7],["(#t #f #t #f)",3.0322230468749996e-5],["(#t #t #f #t)",0.00600391648869629],["(#f #t #f #t)",3.032223046875e-5],["(#t #t #f #f)",3.0322230468749996e-5],["(#f #t #f #f)",1.1485583496093749e-7],["(#t #f #t #t)",0.00600391648869629],["(#f #f #t #t)",3.032223046875e-5]]],[[["#f",0.048889869534228185],["(#t #t #t #f)",0.011421150221169721],["(#t #f #f #t)",0.0001297764192066239],["(#t #t #t #t)",0.9046416162622292],["(#f #f #f #f)",1.158498839775616e-8],["(#f #t #t #f)",0.00012977641920662402],["(#f #t #t #t)",0.011421150221169725],["(#t #f #f #f)",1.3108046588788562e-6],["(#f #f #f #t)",1.3108046588788566e-6],["(#f #f #t #f)",1.3108046588788566e-6],["(#t #f #t #f)",0.0001297764192066239],["(#t #t #f #t)",0.011421150221169721],["(#f #t #f #t)",0.00012977641920662402],["(#t #t #f #f)",0.00012977641920662393],["(#f #t #f #f)",1.3108046588788566e-6],["(#t #f #t #t)",0.011421150221169714],["(#f #f #t #t)",0.00012977641920662393]]],[[["#f",0.07243103118167224],["(#t #t #t #f)",0.016296862169724168],["(#t #f #f #t)",0.00028803207403283766],["(#t #t #t #t)",0.8606343471714087],["(#f #f #f #f)",7.161794541740042e-8],["(#f #t #t #f)",0.0002880320740328379],["(#f #t #t #t)",0.016296862169724168],["(#t #f #f #f)",4.727226470006139e-6],["(#f #f #f #t)",4.727226470006141e-6],["(#f #f #t #f)",4.727226470006141e-6],["(#t #f #t #f)",0.00028803207403283766],["(#t #t #f #t)",0.016296862169724168],["(#f #t #f #t)",0.0002880320740328379],["(#t #t #f #f)",0.00028803207403283766],["(#f #t #f #f)",4.727226470006143e-6],["(#t #f #t #t)",0.016296862169724157],["(#f #f #t #t)",0.0002880320740328377]]],[[["#f",0.09538951972538251],["(#t #t #t #f)",0.020672989787878515],["(#t #f #f #t)",0.0004958149017036017],["(#t #t #t #t)",0.8188983256214236],["(#f #f #f #f)",2.417792145069276e-7],["(#f #t #t #f)",0.000495814901703602],["(#f #t #t #t)",0.020672989787878515],["(#t #f #f #f)",1.1266078060965602e-5],["(#f #f #f #t)",1.1266078060965602e-5],["(#f #f #t #f)",1.1266078060965602e-5],["(#t #f #t #f)",0.0004958149017036017],["(#t #t #f #t)",0.020672989787878515],["(#f #t #f #t)",0.000495814901703602],["(#t #t #f #f)",0.0004958149017036017],["(#f #t #f #f)",1.1266078060965608e-5],["(#t #f #t #t)",0.020672989787878515],["(#f #f #t #t)",0.000495814901703602]]],[[["#f",0.11777975705119892],["(#t #t #t #f)",0.02458847068903082],["(#t #f #f #t)",0.0007448139156006493],["(#t #t #t #t)",0.7793103867832422],["(#f #f #f #f)",6.004471059327462e-7],["(#f #t #t #f)",0.0007448139156006494],["(#f #t #t #t)",0.024588470689030827],["(#t #f #f #f)",2.1622367181529943e-5],["(#f #f #f #t)",2.1622367181529943e-5],["(#f #f #t #f)",2.1622367181529943e-5],["(#t #f #t #f)",0.0007448139156006493],["(#t #t #f #t)",0.02458847068903082],["(#f #t #f #t)",0.0007448139156006494],["(#t #t #f #f)",0.0007448139156006493],["(#f #t #f #f)",2.1622367181529943e-5],["(#t #f #t #t)",0.024588470689030827],["(#f #f #t #t)",0.0007448139156006494]]],[[["#f",0.13961580808530413],["(#t #t #t #f)",0.028079450953065955],["(#t #f #f #t)",0.0010275961168427934],["(#t #t #t #t)",0.7417543282617188],["(#f #f #f #f)",1.2373602472441663e-6],["(#f #t #t #f)",0.0010275961168427934],["(#f #t #t #t)",0.02807945095306596],["(#t #f #f #f)",3.6311444852366076e-5],["(#f #f #f #t)",3.63114448523661e-5],["(#f #f #t #f)",3.63114448523661e-5],["(#t #f #t #f)",0.0010275961168427934],["(#t #t #f #t)",0.028079450953065955],["(#f #t #f #t)",0.0010275961168427934],["(#t #t #f #f)",0.0010275961168427934],["(#f #t #f #f)",3.63114448523661e-5],["(#t #f #t #t)",0.028079450953065955],["(#f #f #t #t)",0.0010275961168427934]]],[[["#f",0.16091138962942098],["(#t #t #t #f)",0.03117947911597498],["(#t #f #f #t)",0.001337528157108334],["(#t #t #t #t)",0.7061205024084036],["(#f #f #f #f)",2.2489053824373396e-6],["(#f #t #t #f)",0.0013375281571083337],["(#f #t #t #t)",0.03117947911597498],["(#t #f #f #f)",5.56934125608279e-5],["(#f #f #f #t)",5.569341256082791e-5],["(#f #f #t #f)",5.569341256082791e-5],["(#t #f #t #f)",0.001337528157108334],["(#t #t #f #t)",0.03117947911597498],["(#f #t #f #t)",0.0013375281571083337],["(#t #t #f #f)",0.0013375281571083337],["(#f #t #f #f)",5.569341256082792e-5],["(#t #f #t #t)",0.03117947911597498],["(#f #f #t #t)",0.0013375281571083337]]]],"scaling":["(network 1)","(network 5)","(network 10)","(network 15)","(network 20)","(network 25)","(network 30)","(network 35)"],"total-size":[14,821,2191,3561,4931,6301,7671,9041]}