{"cpu_time_ms":4342,"gc_time_ms":2027,"real_time_ms":4341,"recursive-calls":2128954,"result":[[["0",0.00010001000599758925],["16",1.9991987117544103e-8],["32",9.978023084602916e-17],["48",9.975029977010448e-9],["1",1.0014990801887627e-8],["17",2.9963023289387674e-8],["33",9.984010297696559e-9],["#f",0.999200279944007],["2",1.1993700670239959e-11],["18",1.998699121660377e-8],["34",9.988005200167407e-5],["50",9.980018689232014e-9],["3",1.0015982406926226e-8],["19",9.998988112490982e-9],["35",1.9967024689208442e-8],["51",9.976027579767323e-13],["4",9.993300351038253e-12],["20",7.985911993366075e-12],["36",9.98101679090113e-9],["5",1.198760562835053e-11],["21",3.9934051075449306e-8],["37",1.9957044071298928e-8],["6",9.975032972734555e-5],["22",1.9967024090297508e-8],["38",9.986007000215376e-9],["7",9.999000799009162e-5],["23",9.988002704432886e-9],["39",1.9959039875514022e-12],["55",9.976027579768426e-9],["8",2.998700409559689e-8],["24",9.99100379843991e-5],["40",9.975030076780697e-9],["9",1.0012975815971672e-8],["25",4.991207645638717e-8],["41",9.976027579767323e-13],["57",9.979020687364189e-5],["10",3.996900670089108e-8],["26",5.9885107035139035e-12],["42",9.981016790911105e-9],["58",9.975029977010448e-9],["11",1.000498351185346e-8],["27",2.995602908918536e-8],["43",9.977025282295556e-13],["12",9.993000100778292e-9],["28",9.983014291771588e-9],["13",2.9964017097282196e-8],["29",5.98711328126947e-16],["45",9.983013393521051e-5],["14",1.49757176527077e-11],["30",3.992007775102362e-8],["46",2.9934069253825315e-8],["15",9.995999899869479e-5],["31",3.991508654370305e-12],["47",9.976027579767325e-13],["63",9.97502997701045e-9]]],"total-size":37749}