{"cpu_time_ms":24545,"gc_time_ms":10975,"real_time_ms":24542,"recursive-calls":8975660,"result":[[["Thousand",0.5629455908828638],["Million",0.016796520074087197],["HundredThou",0.10507029426770448],["TenThou",0.3151875947753446]]],"scaling":false,"total-size":1}