{"cpu_time_ms":[0,106],"gc_time_ms":[0,1],"real_time_ms":[0,106],"recursive-calls":3619,"result":[[["#t",0.9642726989779602],["#f",0.03572730102203985]]],"scaling":false,"total-size":190}