{"cpu_time_ms":[0,100],"gc_time_ms":[0,0],"real_time_ms":[0,100],"recursive-calls":657,"result":[[["#t",0.07499795331773931],["#f",0.9250020466822607]]],"scaling":false,"total-size":12}