{"cpu_time_ms":0,"gc_time_ms":0,"real_time_ms":0,"recursive-calls":129,"result":[[["#t",0.0029934492413055446],["#f",0.9970065507586945]]],"scaling":false,"total-size":0}