{"cpu_time_ms":0,"gc_time_ms":0,"real_time_ms":0,"recursive-calls":531,"result":[[["#t",0.015817223198594025],["#f",0.984182776801406]]],"scaling":false,"total-size":0}