{"cpu_time_ms":11,"gc_time_ms":2,"real_time_ms":11,"recursive-calls":5467,"result":[[["#t",0.4187216909914444],["#f",0.5812783090085556]]],"scaling":false,"total-size":0}