{"cpu_time_ms":0,"gc_time_ms":0,"real_time_ms":0,"recursive-calls":926,"result":[[["#t",0.8144187500000001],["#f",0.18558124999999995]]],"scaling":false,"total-size":0}