{"cpu_time_ms":20,"gc_time_ms":11,"real_time_ms":20,"recursive-calls":7554,"result":[[["#t",0.41872169099144446],["#f",0.5812783090085556]]],"total-size":77}