{"cpu_time_ms":1566,"gc_time_ms":569,"real_time_ms":1565,"recursive-calls":2881430,"result":[[["XNIL",0.25206480542433723],["SIG",0.44059947932115656],["SVR",0.3073357152545062]]],"scaling":false,"total-size":0}