{"cpu_time_ms":280,"gc_time_ms":61,"real_time_ms":279,"recursive-calls":77365,"result":[[["absent",0.575790982492439],["present",0.42420901750756107]]],"scaling":false,"total-size":0}