{"cpu_time_ms":[3,7,10,16,14,16,22,23],"gc_time_ms":[0,0,1,1,1,0,2,1],"real_time_ms":[3,7,10,16,14,16,22,23],"recursive-calls":[3401,6706,16529,33552,77045,102380,112967,124654],"result":[[[["#f",0.005000000000000004],["(#t #t #t #f)",0.0012499999999999996],["(#t #t #t #t)",0.9899999999999999],["(#t #t #f #t)",0.0012499999999999996],["(#t #f #t #t)",0.0012499999999999996],["(#f #t #t #t)",0.0012499999999999998]]],[[["#f",0.009975000000000003],["(#t #t #t #f)",0.0024749999999999985],["(#t #f #f #t)",3.1249999999999997e-6],["(#t #t #t #t)",0.98010625],["(#t #f #t #f)",3.1249999999999997e-6],["(#t #t #f #f)",3.1249999999999997e-6],["(#f #t #t #f)",3.1249999999999997e-6],["(#f #t #t #t)",0.0024749999999999998],["(#t #t #f #t)",0.0024749999999999985],["(#f #t #f #t)",3.1249999999999997e-6],["(#t #f #t #t)",0.0024749999999999985],["(#f #f #t #t)",3.1249999999999997e-6]]],[[["#f",0.014925125000000011],["(#t #t #t #f)",0.0036753945312499995],["(#t #f #f #t)",9.28125e-6],["(#t #t #t #t)",0.9703175625000002],["(#f #t #t #f)",9.28125e-6],["(#f #t #t #t)",0.0036753945312499995],["(#t #f #f #f)",1.1718750000000004e-8],["(#f #f #f #t)",1.1718750000000004e-8],["(#f #f #t #f)",1.1718750000000004e-8],["(#t #f #t #f)",9.28125e-6],["(#t #t #f #t)",0.0036753945312499995],["(#f #t #f #t)",9.28125e-6],["(#t #t #f #f)",9.28125e-6],["(#f #t #f #f)",1.1718750000000004e-8],["(#t #f #t #t)",0.0036753945312499995],["(#f #f #t #t)",9.28125e-6]]],[[["#f",0.01985049937500003],["(#t #t #t #f)",0.004851572343750001],["(#t #f #f #t)",1.8376953125000005e-5],["(#t #t #t #t)",0.9606327638476564],["(#f #f #f #f)",5.859375000000005e-11],["(#f #t #t #f)",1.8376953125000008e-5],["(#f #t #t #t)",0.004851572343750001],["(#t #f #f #f)",4.640625000000001e-8],["(#f #f #f #t)",4.6406250000000006e-8],["(#f #f #t #f)",4.6406250000000006e-8],["(#t #f #t #f)",1.8376953125000005e-5],["(#t #t #f #t)",0.004851572343750001],["(#f #t #f #t)",1.8376953125000008e-5],["(#t #t #f #f)",1.8376953125000005e-5],["(#f #t #f #f)",4.6406250000000006e-8],["(#t #f #t #t)",0.004851572343750001],["(#f #f #t #t)",1.8376953125000008e-5]]],[[["#f",0.02475124687812502],["(#t #t #t #f)",0.006003916488696288],["(#t #f #f #t)",3.032223046874999e-5],["(#t #t #t #t)",0.9510506940708983],["(#f #f #f #f)",2.9003906249999997e-10],["(#f #t #t #f)",3.0322230468749993e-5],["(#f #t #t #t)",0.00600391648869629],["(#t #f #f #f)",1.148558349609375e-7],["(#f #f #f #t)",1.1485583496093746e-7],["(#f #f #t #f)",1.1485583496093746e-7],["(#t #f #t #f)",3.032223046874999e-5],["(#t #t #f #t)",0.006003916488696288],["(#f #t #f #t)",3.0322230468749993e-5],["(#t #t #f #f)",3.032223046874999e-5],["(#f #t #f #f)",1.1485583496093746e-7],["(#t #f #t #t)",0.006003916488696288],["(#f #f #t #t)",3.0322230468749993e-5]]],[[["#f",0.02962749064373442],["(#t #t #t #f)",0.007132804399762208],["(#t #f #f #t)",4.502908652539064e-5],["(#t #t #t #t)",0.941570206712633],["(#f #f #f #f)",8.614178466796879e-10],["(#f #t #t #f)",4.502908652539066e-5],["(#f #t #t #t)",0.00713280439976221],["(#t #f #f #f)",2.274160034179687e-7],["(#f #f #f #t)",2.274160034179687e-7],["(#f #f #t #f)",2.274160034179687e-7],["(#t #f #t #f)",4.502908652539064e-5],["(#t #t #f #t)",0.007132804399762208],["(#f #t #f #t)",4.502908652539066e-5],["(#t #t #f #f)",4.502908652539064e-5],["(#f #t #f #f)",2.274160034179687e-7],["(#t #f #t #t)",0.0071328043997622055],["(#f #f #t #t)",4.502908652539064e-5]]],[[["#f",0.03447935319051575],["(#t #t #t #f)",0.008238607973229846],["(#t #f #f #t)",6.241137519955081e-5],["(#t #t #t #t)",0.9321901686675055],["(#f #f #f #f)",1.9898836853027356e-9],["(#f #t #t #f)",6.241137519955081e-5],["(#f #t #t #t)",0.008238607973229851],["(#t #f #f #f)",3.9400199462631224e-7],["(#f #f #f #t)",3.9400199462631235e-7],["(#f #f #t #f)",3.9400199462631235e-7],["(#t #f #t #f)",6.241137519955081e-5],["(#t #t #f #t)",0.008238607973229846],["(#f #t #f #t)",6.241137519955081e-5],["(#t #t #f #f)",6.241137519955081e-5],["(#f #t #f #f)",3.9400199462631235e-7],["(#t #f #t #t)",0.008238607973229844],["(#f #f #t #t)",6.241137519955081e-5]]],[[["#f",0.03930695642456318],["(#t #t #t #f)",0.009321693646988925],["(#t #f #f #t)",8.238476638561648e-5],["(#t #t #t #t)",0.9229094600206965],["(#f #f #f #f)",3.939994821581268e-9],["(#f #t #t #f)",8.238476638561648e-5],["(#f #t #t #t)",0.009321693646988928],["(#t #f #f #f)",6.241071190329713e-7],["(#f #f #f #t)",6.241071190329713e-7],["(#f #f #t #f)",6.241071190329713e-7],["(#t #f #t #f)",8.238476638561648e-5],["(#t #t #f #t)",0.009321693646988925],["(#f #t #f #t)",8.238476638561648e-5],["(#t #t #f #f)",8.238476638561648e-5],["(#f #t #f #f)",6.241071190329713e-7],["(#t #f #t #t)",0.009321693646988925],["(#f #f #t #t)",8.238476638561648e-5]]]],"scaling":["(scaling-network 1)","(scaling-network 2)","(scaling-network 3)","(scaling-network 4)","(scaling-network 5)","(scaling-network 6)","(scaling-network 7)","(scaling-network 8)"],"total-size":[0,0,0,0,0,0,0,0]}