{"cpu_time_ms":[94,89],"gc_time_ms":[2,0],"real_time_ms":[94,91],"recursive-calls":867,"result":[[["#<pmf: ['train 0.280857252] ['other 0.15730877199999999] ['car 0.561833976]>",1.0]]],"scaling":false,"total-size":0}