{"cpu_time_ms":342,"gc_time_ms":65,"real_time_ms":342,"recursive-calls":77820,"result":[[["absent",0.5757909824924389],["present",0.4242090175075611]]],"scaling":false,"total-size":0}