{"cpu_time_ms":[6,14,31,82,66,99],"gc_time_ms":[0,1,6,40,3,7],"real_time_ms":[6,14,31,82,66,99],"recursive-calls":[3013,12513,44552,121549,469997,764218],"result":[[[["0",0.00010001999699978918],["2",9.994001799597873e-9],["3",0.9997000499920011],["1",1.0000998700207787e-8],["#f",0.0001999100159985781]]],[[["0",0.00010001999300328808],["2",9.989006597479555e-5],["3",1.999399660254484e-8],["4",9.99999880048875e-5],["5",9.990006796919818e-5],["6",0.9985010795191475],["7",0.00019981008197858177],["1",9.996001399628944e-5],["#f",0.0007993202759289248]]],[[["0",0.00010001000599559127],["2",9.991004198929005e-5],["3",9.985013192701608e-5],["4",6.9931029792618044e-12],["5",0.00010000997301628171],["6",3.998399660455932e-8],["7",1.0002991604646413e-8],["8",3.9959020093362956e-8],["9",9.996994605215468e-9],["10",9.988006198349033e-5],["11",9.997996502867691e-5],["12",1.998600070308371e-8],["13",9.994998701916979e-9],["14",2.9958027988117006e-8],["15",1.9974015694157088e-8],["1",2.997701898940712e-8],["#f",0.9994001499800015]]],[[["13",9.995999500778553e-5],["0",0.000100010005996191],["16",3.994204038187711e-8],["1",1.999101398793151e-8],["17",9.997989411930892e-9],["#f",0.9993002099650036],["2",9.994006695349401e-9],["18",3.993904228272116e-12],["3",1.0011985406525764e-8],["19",9.981018288194548e-5],["4",7.994400470867891e-12],["20",3.9923070359353425e-12],["5",7.992103209350424e-12],["21",9.992999602757004e-5],["6",0.00010000997801208185],["22",1.9975013496186004e-8],["7",2.9994991705012235e-8],["23",9.982015890781748e-9],["8",9.984013193550779e-5],["24",2.995303528304926e-8],["9",3.996201759340387e-8],["25",3.992706346497056e-12],["10",1.9989993109011063e-8],["26",9.981017090309481e-17],["11",9.988007296409539e-9],["27",1.996502918453145e-8],["12",1.998100330439182e-8],["28",9.98101709031058e-13],["14",1.998600070304379e-8],["30",9.988005699088526e-5],["15",1.9980008598505126e-8],["31",1.9965028785220883e-8]]],[[["0",0.00010001000599758929],["16",1.99919871175441e-8],["32",9.97802308460292e-17],["48",9.975029977010453e-9],["1",1.001499080188763e-8],["17",2.996302328938768e-8],["33",9.98401029769656e-9],["#f",0.9992002799440072],["2",1.1993700670239963e-11],["18",1.998699121660378e-8],["34",9.988005200167411e-5],["50",9.980018689232018e-9],["3",1.0015982406926224e-8],["19",9.998988112490983e-9],["35",1.9967024689208445e-8],["51",9.976027579767323e-13],["4",9.993300351038255e-12],["20",7.985911993366076e-12],["36",9.981016790901135e-9],["5",1.1987605628350533e-11],["21",3.9934051075449326e-8],["37",1.9957044071298924e-8],["6",9.975032972734562e-5],["22",1.996702409029751e-8],["38",9.98600700021538e-9],["7",9.999000799009162e-5],["23",9.988002704432891e-9],["39",1.995903987551403e-12],["55",9.976027579768428e-9],["8",2.998700409559689e-8],["24",9.991003798439915e-5],["40",9.9750300767807e-9],["9",1.0012975815971675e-8],["25",4.991207645638717e-8],["41",9.976027579767323e-13],["57",9.97902068736419e-5],["10",3.996900670089109e-8],["26",5.988510703513904e-12],["42",9.98101679091111e-9],["58",9.975029977010453e-9],["11",1.0004983511853464e-8],["27",2.9956029089185376e-8],["43",9.97702528229556e-13],["12",9.993000100778296e-9],["28",9.983014291771593e-9],["13",2.99640170972822e-8],["29",5.987113281269471e-16],["45",9.983013393521059e-5],["14",1.4975717652707702e-11],["30",3.992007775102362e-8],["46",2.993406925382533e-8],["15",9.995999899869481e-5],["31",3.991508654370307e-12],["47",9.976027579767327e-13],["63",9.975029977010457e-9]]],[[["0",0.00010001000699688948],["16",8.984711594972335e-12],["32",1.9949063947586974e-8],["48",9.972037866998596e-9],["64",1.9949062351282872e-8],["1",1.0017988302767465e-8],["17",9.995001798060593e-5],["49",9.973035070764247e-13],["65",9.974032274542072e-9],["33",2.9951032393157785e-8],["#f",0.9991003599160126],["2",1.3992201030252277e-11],["18",3.9959013202957394e-8],["34",8.979422664035094e-12],["50",9.98401119580956e-5],["66",9.97104056348155e-9],["3",1.0020976909685375e-8],["19",1.000597772097608e-8],["35",5.9853173268925e-16],["51",1.9960036480521767e-8],["4",1.1992000201517306e-11],["20",1.9985993214285918e-8],["36",1.995904057397786e-8],["52",2.9925089931038025e-12],["84",9.97104056348155e-9],["5",1.5982409116571986e-11],["21",1.9986986626233995e-8],["37",1.9951058255050938e-8],["53",1.9949062451013233e-8],["69",9.976027280517526e-9],["6",1.0009981010405074e-8],["22",7.987009396392755e-12],["38",9.988004900896556e-5],["54",9.976026881566204e-9],["70",9.972037767257175e-13],["7",1.3984706239065474e-11],["23",4.991606586840889e-8],["39",2.9948040382646734e-8],["55",9.980018788982317e-9],["8",9.998999800448195e-5],["24",2.1951950695583667e-11],["40",5.9864148794944084e-12],["56",9.973035669227244e-9],["9",3.000497561582864e-8],["25",9.988004599838233e-9],["41",1.995903947630549e-8],["57",9.973035070763153e-17],["10",1.9995992103557236e-8],["26",1.1971333165249461e-11],["42",2.9936067353197574e-8],["58",9.972037767257175e-13],["11",2.998299760420282e-8],["27",9.993997704206561e-5],["43",1.996402709131149e-12],["75",9.972037767258276e-9],["12",1.0006981611145856e-8],["28",2.9957026592891726e-8],["44",1.995005985434043e-8],["60",9.977024983015828e-9],["92",9.970043459426297e-5],["13",9.993998202178006e-9],["29",2.99330735476003e-8],["45",3.989513309128105e-12],["61",9.973035070764247e-13],["77",9.975029677790574e-5],["14",2.997000700511848e-8],["30",2.9960018303463097e-8],["46",9.981017090132083e-9],["78",9.97104056348155e-9],["15",1.9983997906783526e-8],["31",1.0977621956166668e-11],["47",1.9953052762302603e-12],["63",9.979020787104518e-5]]]],"scaling":["(scaling-hardware 2)","(scaling-hardware 3)","(scaling-hardware 4)","(scaling-hardware 5)","(scaling-hardware 6)","(scaling-hardware 7)"],"total-size":[0,0,0,0,0,0]}