{"cpu_time_ms":[4,8,16,25,39,57,80],"gc_time_ms":[0,0,2,2,2,3,4],"real_time_ms":[4,8,16,25,39,57,80],"recursive-calls":[921,2833,12237,44084,120349,466013,757198],"result":[[[["0",0.0001999500159973782],["1",0.9998000100000001],["#f",3.998400249980121e-8]]],[[["0",0.00010001999699978918],["2",9.99400179959787e-9],["3",0.9997000499920011],["1",1.0000998700207787e-8],["#f",0.0001999100159985781]]],[[["0",0.00010001999300328804],["2",9.989006597479555e-5],["3",1.999399660254483e-8],["4",9.999998800488751e-5],["5",9.990006796919818e-5],["6",0.9985010795191475],["7",0.00019981008197858172],["1",9.996001399628941e-5],["#f",0.0007993202759289251]]],[[["0",0.00010001000599559128],["2",9.991004198929007e-5],["3",9.985013192701609e-5],["4",6.993102979261805e-12],["5",0.00010000997301628172],["6",3.9983996604559325e-8],["7",1.0002991604646415e-8],["8",3.995902009336296e-8],["9",9.99699460521547e-9],["10",9.988006198349035e-5],["11",9.997996502867692e-5],["12",1.9986000703083712e-8],["13",9.994998701916979e-9],["14",2.995802798811701e-8],["15",1.997401569415708e-8],["1",2.997701898940712e-8],["#f",0.9994001499800016]]],[[["13",9.995999500778557e-5],["0",0.00010001000599619106],["16",3.994204038187712e-8],["1",1.9991013987931516e-8],["17",9.997989411930895e-9],["#f",0.9993002099650036],["2",9.994006695349406e-9],["18",3.993904228272118e-12],["3",1.001198540652577e-8],["19",9.981018288194552e-5],["4",7.994400470867895e-12],["20",3.992307035935344e-12],["5",7.992103209350428e-12],["21",9.992999602757008e-5],["6",0.00010000997801208188],["22",1.997501349618601e-8],["7",2.999499170501224e-8],["23",9.982015890781752e-9],["8",9.984013193550781e-5],["24",2.995303528304927e-8],["9",3.9962017593403886e-8],["25",3.992706346497056e-12],["10",1.998999310901107e-8],["26",9.98101709030948e-17],["11",9.988007296409539e-9],["27",1.9965029184531454e-8],["12",1.998100330439182e-8],["28",9.981017090310583e-13],["14",1.9986000703043806e-8],["30",9.988005699088529e-5],["15",1.9980008598505136e-8],["31",1.996502878522089e-8]]],[[["0",0.00010001000599758929],["16",1.99919871175441e-8],["32",9.978023084602917e-17],["48",9.975029977010453e-9],["1",1.0014990801887629e-8],["17",2.996302328938768e-8],["33",9.98401029769656e-9],["#f",0.9992002799440072],["2",1.1993700670239963e-11],["18",1.998699121660378e-8],["34",9.98800520016741e-5],["50",9.980018689232018e-9],["3",1.0015982406926224e-8],["19",9.99898811249098e-9],["35",1.9967024689208452e-8],["51",9.976027579767323e-13],["4",9.993300351038255e-12],["20",7.985911993366076e-12],["36",9.981016790901135e-9],["5",1.1987605628350536e-11],["21",3.9934051075449326e-8],["37",1.9957044071298928e-8],["6",9.975032972734562e-5],["22",1.996702409029751e-8],["38",9.98600700021538e-9],["7",9.999000799009164e-5],["23",9.988002704432891e-9],["39",1.995903987551403e-12],["55",9.976027579768424e-9],["8",2.998700409559689e-8],["24",9.991003798439915e-5],["40",9.9750300767807e-9],["9",1.0012975815971675e-8],["25",4.991207645638717e-8],["41",9.976027579767323e-13],["57",9.979020687364195e-5],["10",3.996900670089109e-8],["26",5.988510703513904e-12],["42",9.981016790911107e-9],["58",9.975029977010453e-9],["11",1.0004983511853466e-8],["27",2.995602908918537e-8],["43",9.97702528229556e-13],["12",9.993000100778296e-9],["28",9.983014291771593e-9],["13",2.99640170972822e-8],["29",5.987113281269473e-16],["45",9.983013393521056e-5],["14",1.4975717652707702e-11],["30",3.992007775102362e-8],["46",2.9934069253825315e-8],["15",9.995999899869484e-5],["31",3.991508654370307e-12],["47",9.976027579767327e-13],["63",9.975029977010453e-9]]],[[["0",0.00010001000699688946],["16",8.984711594972335e-12],["32",1.9949063947586974e-8],["48",9.972037866998596e-9],["64",1.9949062351282872e-8],["1",1.0017988302767465e-8],["17",9.995001798060595e-5],["49",9.973035070764247e-13],["65",9.974032274542072e-9],["33",2.9951032393157785e-8],["#f",0.9991003599160126],["2",1.3992201030252277e-11],["18",3.99590132029574e-8],["34",8.979422664035097e-12],["50",9.98401119580956e-5],["66",9.971040563481548e-9],["3",1.0020976909685375e-8],["19",1.0005977720976081e-8],["35",5.9853173268925e-16],["51",1.9960036480521767e-8],["4",1.1992000201517306e-11],["20",1.9985993214285904e-8],["36",1.995904057397786e-8],["52",2.9925089931038025e-12],["84",9.971040563481548e-9],["5",1.5982409116571986e-11],["21",1.9986986626233998e-8],["37",1.9951058255050938e-8],["53",1.9949062451013226e-8],["69",9.976027280517526e-9],["6",1.0009981010405074e-8],["22",7.987009396392755e-12],["38",9.988004900896556e-5],["54",9.976026881566204e-9],["70",9.972037767257175e-13],["7",1.398470623906548e-11],["23",4.991606586840889e-8],["39",2.9948040382646734e-8],["55",9.980018788982317e-9],["8",9.998999800448195e-5],["24",2.195195069558366e-11],["40",5.9864148794944084e-12],["56",9.973035669227244e-9],["9",3.0004975615828626e-8],["25",9.988004599838233e-9],["41",1.995903947630549e-8],["57",9.973035070763153e-17],["10",1.9995992103557236e-8],["26",1.1971333165249461e-11],["42",2.9936067353197574e-8],["58",9.972037767257175e-13],["11",2.998299760420282e-8],["27",9.993997704206557e-5],["43",1.996402709131149e-12],["75",9.972037767258276e-9],["12",1.0006981611145856e-8],["28",2.9957026592891726e-8],["44",1.9950059854340435e-8],["60",9.977024983015828e-9],["92",9.970043459426299e-5],["13",9.993998202178006e-9],["29",2.99330735476003e-8],["45",3.989513309128105e-12],["61",9.973035070764247e-13],["77",9.975029677790574e-5],["14",2.997000700511847e-8],["30",2.9960018303463097e-8],["46",9.981017090132083e-9],["78",9.971040563481548e-9],["15",1.9983997906783526e-8],["31",1.0977621956166668e-11],["47",1.99530527623026e-12],["63",9.979020787104518e-5]]]],"scaling":["(hardware 1)","(hardware 2)","(hardware 3)","(hardware 4)","(hardware 5)","(hardware 6)","(hardware 7)"],"total-size":[21,59,252,569,1201,2323,4228]}