{"cpu_time_ms":[26,137,754,1288],"gc_time_ms":[14,52,441,431],"real_time_ms":[26,137,754,1288],"recursive-calls":[7047,72200,318503,1232796],"result":[[[["#f",0.00997500000000001],["(#t #t #t #f)",0.0024749999999999998],["(#t #f #f #t)",3.1250000000000006e-6],["(#t #t #t #t)",0.9801062500000001],["(#t #f #t #f)",3.1250000000000006e-6],["(#t #t #f #f)",3.1250000000000006e-6],["(#f #t #t #f)",3.1250000000000006e-6],["(#f #t #t #t)",0.002475],["(#t #t #f #t)",0.0024749999999999998],["(#f #t #f #t)",3.1250000000000006e-6],["(#t #f #t #t)",0.0024749999999999998],["(#f #f #t #t)",3.1250000000000006e-6]]],[[["#f",0.01985049937500002],["(#t #t #t #f)",0.004851572343749998],["(#t #f #f #t)",1.8376953124999998e-5],["(#t #t #t #t)",0.9606327638476563],["(#f #f #f #f)",5.859375000000002e-11],["(#f #t #t #f)",1.8376953125e-5],["(#f #t #t #t)",0.004851572343749999],["(#t #f #f #f)",4.640625e-8],["(#f #f #f #t)",4.640624999999999e-8],["(#f #f #t #f)",4.640624999999999e-8],["(#t #f #t #f)",1.8376953124999998e-5],["(#t #t #f #t)",0.004851572343749998],["(#f #t #f #t)",1.8376953125e-5],["(#t #t #f #f)",1.8376953124999998e-5],["(#f #t #f #f)",4.640624999999999e-8],["(#t #f #t #t)",0.004851572343749998],["(#f #f #t #t)",1.8376953125e-5]]],[[["#f",0.02962749064373441],["(#t #t #t #f)",0.0071328043997622055],["(#t #f #f #t)",4.502908652539062e-5],["(#t #t #t #t)",0.9415702067126329],["(#f #f #f #f)",8.614178466796875e-10],["(#f #t #t #f)",4.502908652539063e-5],["(#f #t #t #t)",0.007132804399762208],["(#t #f #f #f)",2.274160034179687e-7],["(#f #f #f #t)",2.274160034179687e-7],["(#f #f #t #f)",2.274160034179687e-7],["(#t #f #t #f)",4.502908652539062e-5],["(#t #t #f #t)",0.0071328043997622055],["(#f #t #f #t)",4.502908652539063e-5],["(#t #t #f #f)",4.502908652539062e-5],["(#f #t #f #f)",2.274160034179687e-7],["(#t #f #t #t)",0.007132804399762205],["(#f #f #t #t)",4.5029086525390624e-5]]],[[["#f",0.03930695642456318],["(#t #t #t #f)",0.009321693646988925],["(#t #f #f #t)",8.238476638561646e-5],["(#t #t #t #t)",0.9229094600206966],["(#f #f #f #f)",3.939994821581268e-9],["(#f #t #t #f)",8.238476638561647e-5],["(#f #t #t #t)",0.009321693646988928],["(#t #f #f #f)",6.24107119032971e-7],["(#f #f #f #t)",6.241071190329713e-7],["(#f #f #t #f)",6.241071190329713e-7],["(#t #f #t #f)",8.238476638561646e-5],["(#t #t #f #t)",0.009321693646988925],["(#f #t #f #t)",8.238476638561647e-5],["(#t #t #f #f)",8.238476638561646e-5],["(#f #t #f #f)",6.241071190329713e-7],["(#t #f #t #t)",0.009321693646988921],["(#f #f #t #t)",8.238476638561647e-5]]]],"scaling":["(main 2)","(main 4)","(main 6)","(main 8)"],"total-size":[207,2913,33659,358167]}