{"cpu_time_ms":932,"gc_time_ms":530,"real_time_ms":932,"recursive-calls":281945,"result":[[["#f",0.03447935319051575],["(#t #t #t #f)",0.008238607973229846],["(#t #f #f #t)",6.241137519955079e-5],["(#t #t #t #t)",0.9321901686675055],["(#f #f #f #f)",1.989883685302735e-9],["(#f #t #t #f)",6.24113751995508e-5],["(#f #t #t #t)",0.00823860797322985],["(#t #f #f #f)",3.940019946263122e-7],["(#f #f #f #t)",3.9400199462631224e-7],["(#f #f #t #f)",3.9400199462631224e-7],["(#t #f #t #f)",6.241137519955079e-5],["(#t #t #f #t)",0.008238607973229846],["(#f #t #f #t)",6.24113751995508e-5],["(#t #t #f #f)",6.241137519955079e-5],["(#f #t #f #f)",3.9400199462631224e-7],["(#t #f #t #t)",0.008238607973229844],["(#f #f #t #t)",6.24113751995508e-5]]],"total-size":110402}