{"cpu_time_ms":0,"gc_time_ms":0,"real_time_ms":0,"recursive-calls":18,"result":[[["#<void>",1.0]],[["#t",0.3333333333333333],["#f",0.6666666666666666]]],"total-size":7}