{"cpu_time_ms":[5300,17082,37037],"gc_time_ms":[2318,6883,15347],"real_time_ms":[5300,17078,37033],"recursive-calls":[2128954,10892369,30718902],"result":[[[["0",0.00010001000599758925],["16",1.9991987117544103e-8],["32",9.978023084602916e-17],["48",9.975029977010448e-9],["1",1.0014990801887627e-8],["17",2.9963023289387674e-8],["33",9.984010297696559e-9],["#f",0.999200279944007],["2",1.1993700670239959e-11],["18",1.998699121660377e-8],["34",9.988005200167407e-5],["50",9.980018689232014e-9],["3",1.0015982406926226e-8],["19",9.998988112490982e-9],["35",1.9967024689208442e-8],["51",9.976027579767323e-13],["4",9.993300351038253e-12],["20",7.985911993366075e-12],["36",9.98101679090113e-9],["5",1.198760562835053e-11],["21",3.9934051075449306e-8],["37",1.9957044071298928e-8],["6",9.975032972734555e-5],["22",1.9967024090297508e-8],["38",9.986007000215376e-9],["7",9.999000799009162e-5],["23",9.988002704432886e-9],["39",1.9959039875514022e-12],["55",9.976027579768426e-9],["8",2.998700409559689e-8],["24",9.99100379843991e-5],["40",9.975030076780697e-9],["9",1.0012975815971672e-8],["25",4.991207645638717e-8],["41",9.976027579767323e-13],["57",9.979020687364189e-5],["10",3.996900670089108e-8],["26",5.9885107035139035e-12],["42",9.981016790911105e-9],["58",9.975029977010448e-9],["11",1.000498351185346e-8],["27",2.995602908918536e-8],["43",9.977025282295556e-13],["12",9.993000100778292e-9],["28",9.983014291771588e-9],["13",2.9964017097282196e-8],["29",5.98711328126947e-16],["45",9.983013393521051e-5],["14",1.49757176527077e-11],["30",3.992007775102362e-8],["46",2.9934069253825315e-8],["15",9.995999899869479e-5],["31",3.991508654370305e-12],["47",9.976027579767325e-13],["63",9.97502997701045e-9]]],[[["0",0.00010001000699688948],["16",8.984711594972333e-12],["32",1.994906394758698e-8],["48",9.972037866998593e-9],["64",1.9949062351282872e-8],["1",1.0017988302767462e-8],["17",9.995001798060597e-5],["49",9.97303507076425e-13],["65",9.974032274542075e-9],["33",2.995103239315779e-8],["#f",0.9991003599160128],["2",1.3992201030252277e-11],["18",3.99590132029574e-8],["34",8.979422664035097e-12],["50",9.984011195809559e-5],["66",9.971040563481548e-9],["3",1.0020976909685375e-8],["19",1.0005977720976081e-8],["35",5.985317326892501e-16],["51",1.9960036480521774e-8],["4",1.1992000201517308e-11],["20",1.9985993214285914e-8],["36",1.9959040573977857e-8],["52",2.9925089931038033e-12],["84",9.971040563481548e-9],["5",1.5982409116571986e-11],["21",1.9986986626233998e-8],["37",1.995105825505094e-8],["53",1.994906245101323e-8],["69",9.976027280517527e-9],["6",1.0009981010405072e-8],["22",7.987009396392753e-12],["38",9.988004900896555e-5],["54",9.976026881566204e-9],["70",9.972037767257175e-13],["7",1.398470623906548e-11],["23",4.99160658684089e-8],["39",2.9948040382646734e-8],["55",9.980018788982318e-9],["8",9.998999800448197e-5],["24",2.1951950695583664e-11],["40",5.9864148794944084e-12],["56",9.973035669227246e-9],["9",3.000497561582863e-8],["25",9.988004599838233e-9],["41",1.9959039476305492e-8],["57",9.973035070763152e-17],["10",1.999599210355723e-8],["26",1.197133316524946e-11],["42",2.9936067353197574e-8],["58",9.972037767257175e-13],["11",2.998299760420283e-8],["27",9.99399770420656e-5],["43",1.996402709131149e-12],["75",9.972037767258274e-9],["12",1.0006981611145857e-8],["28",2.995702659289173e-8],["44",1.9950059854340435e-8],["60",9.977024983015828e-9],["92",9.970043459426297e-5],["13",9.993998202178006e-9],["29",2.993307354760031e-8],["45",3.989513309128105e-12],["61",9.97303507076425e-13],["77",9.975029677790573e-5],["14",2.9970007005118476e-8],["30",2.9960018303463097e-8],["46",9.981017090132085e-9],["78",9.971040563481548e-9],["15",1.9983997906783523e-8],["31",1.0977621956166671e-11],["47",1.9953052762302607e-12],["63",9.979020787104518e-5]]],[[["0",0.0001000100079960898],["16",9.999987508648277e-9],["32",1.2969435622929563e-11],["48",2.992708294257932e-8],["64",1.993809291015414e-16],["1",1.0020985503897211e-8],["17",9.979028470709962e-9],["49",7.978228645805084e-12],["65",1.9944077828214927e-8],["81",9.973034771604222e-9],["33",3.993504728326983e-8],["#f",0.9990004498800218],["2",1.59905015402286e-11],["18",2.4947751249022393e-11],["34",1.9961037974958372e-8],["50",9.981017788075024e-9],["66",2.9913122288733703e-12],["82",9.969046455078165e-13],["98",9.968049550433756e-9],["3",1.0025970912994245e-8],["19",9.996997702706585e-5],["35",1.0969641672293555e-11],["51",9.971041860165614e-9],["67",9.97004345942301e-17],["4",1.3990500172005364e-11],["20",2.000096773766037e-8],["36",3.992207375462179e-8],["52",1.9943078629910938e-8],["68",9.969046455078165e-13],["84",9.975029777491014e-5],["100",9.971040264381345e-5],["5",1.997681300471635e-11],["21",1.9991980927627247e-8],["37",1.9953056253715046e-8],["53",3.988316574816779e-12],["69",9.979020787114497e-5],["85",1.994108392320632e-8],["101",9.967052745478712e-9],["117",9.966056040205262e-5],["6",1.0014974314313906e-8],["22",1.9994970141915508e-8],["38",3.988915395727597e-12],["54",9.978023084425585e-9],["70",2.992508883392768e-8],["86",9.968049550432659e-13],["7",1.7979110127021146e-11],["23",9.997994199686394e-9],["39",9.991988925403384e-9],["55",9.983013593001716e-5],["71",3.988316514987545e-12],["87",1.9936099200557972e-8],["8",2.001295872617945e-12],["24",1.9965030482572617e-8],["40",3.989413808150671e-8],["56",1.9961033185786373e-8],["72",1.9941084022896793e-8],["9",9.999001996900771e-5],["25",2.9976975355163336e-8],["41",7.976533528974268e-12],["57",9.972039861485965e-9],["73",1.993609910086532e-12],["10",3.9986993003522916e-8],["26",1.5970722353144194e-11],["42",9.988006097810401e-5],["58",2.9926086735767004e-8],["11",1.000898330879571e-8],["27",9.995982430210881e-9],["43",1.9973008211359095e-8],["59",6.979728404408357e-12],["75",2.991312358513185e-8],["91",9.97203746812706e-9],["12",2.9984996900139364e-8],["28",9.990991920468873e-9],["44",3.992306487193944e-12],["60",9.98001908806369e-9],["76",1.994307823102722e-12],["92",9.968049550432659e-13],["108",9.96705274547871e-9],["13",1.0006981510247849e-8],["29",2.9944048273505194e-8],["45",5.984519813236229e-8],["61",1.99440760333578e-8],["77",9.969046455077069e-17],["14",9.995996202029327e-9],["30",9.993000100929878e-5],["46",9.995979736414212e-9],["62",9.973034472552773e-9],["78",9.968049550432659e-13],["15",3.996499632058684e-8],["31",2.996699892961071e-8],["47",9.96905004564133e-9],["63",1.9943078330727668e-12]]]],"scaling":["(main 6 7 8)","(main 7 8 9)","(main 8 9 10)"],"total-size":[37749,111640,347142]}