{"cpu_time_ms":[175,80],"gc_time_ms":[18,0],"real_time_ms":[175,80],"recursive-calls":7093,"result":[[["#<pmf: ['HIGH 0.5079441000960001] ['NORMAL 0.21101824377599998] ['ZERO 0.02721445356799999] ['LOW 0.25382320255999996]>",1.0]]],"scaling":false,"total-size":0}