{"cpu_time_ms":[581,85],"gc_time_ms":[25,1],"real_time_ms":[581,85],"recursive-calls":2116220,"result":[[["#<pmf: ['Thousand 0.5629455908828637] ['Million 0.016796520074087197] ['HundredThou 0.10507029426770452] ['TenThou 0.3151875947753446]>",1.0]]],"scaling":false,"total-size":0}