{"cpu_time_ms":0,"gc_time_ms":0,"real_time_ms":0,"recursive-calls":61,"result":[[["#t",0.6666666666666666],["#f",0.3333333333333333]]],"total-size":10}