{"cpu_time_ms":48,"gc_time_ms":15,"real_time_ms":48,"recursive-calls":23131,"result":[[["#t",0.41872169099144446],["#f",0.5812783090085556]]],"total-size":130}