{"cpu_time_ms":[0,0],"gc_time_ms":[0,0],"real_time_ms":[0,0],"recursive-calls":236,"result":[[["#t",0.6666666666666667],["#f",0.33333333333333337]]],"scaling":false,"total-size":3}