{"cpu_time_ms":0,"gc_time_ms":0,"real_time_ms":0,"recursive-calls":44,"result":[[["#<pmf: [#t 0.015817223198594025] [#f 0.984182776801406]>",1.0]]],"total-size":1}