{"cpu_time_ms":1,"gc_time_ms":0,"real_time_ms":1,"recursive-calls":244,"result":[[["#<void>",1.0]],[["#t",0.0029934492413055437],["#f",0.9970065507586944]],[["#t",0.015625],["#f",0.984375]]],"total-size":7}