{"cpu_time_ms":54,"gc_time_ms":17,"real_time_ms":53,"recursive-calls":23131,"result":[[["#t",0.41872169099144446],["#f",0.5812783090085556]]],"scaling":false,"total-size":130}