{"cpu_time_ms":99,"gc_time_ms":11,"real_time_ms":99,"recursive-calls":103511,"result":[[["#t",0.4187216909914444],["#f",0.5812783090085555]]],"scaling":false,"total-size":539}