{"cpu_time_ms":[1639,120],"gc_time_ms":[192,19],"real_time_ms":[1639,120],"recursive-calls":2881940,"result":[[["#<pmf: ['XNIL 0.25206480542433735] ['SIG 0.44059947932115645] ['SVR 0.30733571525450626]>",1.0]]],"scaling":false,"total-size":0}