{"cpu_time_ms":[395,100],"gc_time_ms":[64,2],"real_time_ms":[395,100],"recursive-calls":77820,"result":[[["#<pmf: ['absent 0.5757909824924389] ['present 0.4242090175075611]>",1.0]]],"scaling":false,"total-size":0}