{"cpu_time_ms":[522,134],"gc_time_ms":[63,18],"real_time_ms":[522,134],"recursive-calls":230602,"result":[[["#<pmf: ['15_MG_L 0.028330448918304465] ['30_MG_L 0.007754421050661928] ['25_MG_L 0.14251626640703188] ['20_MG_L 0.8213988636240017]>",1.0]]],"scaling":false,"total-size":0}