{"cpu_time_ms":7001,"gc_time_ms":1765,"real_time_ms":7000,"recursive-calls":201081,"result":[[["M_S52",0.35411396721864774],["M_S36",0.009388818375242702],["M_S48",0.292019338496878],["M_S16",0.0015667764945292394],["M_S32",0.004044895487229645],["M_S44",0.09472751600805855],["M_S60",0.036376822408212495],["M_S40",0.03408823150193313],["M_S08",0.0008255742435641988],["M_S28",0.0020968149538517994],["M_S04",0.0001237557552548881],["M_S24",0.0018831614958988983],["M_S00",0.008716364148487494],["M_S56",0.15438224505325282],["M_S20",0.001374680967609692],["M_S12",0.001534494658529775],["M_S_64",0.0027365427328188423]]],"scaling":false,"total-size":0}