{"cpu_time_ms":4,"gc_time_ms":0,"real_time_ms":4,"recursive-calls":4928,"result":[[["#t",0.41872169099144446],["#f",0.5812783090085556]]],"total-size":63}